Experiment ID	Library ID	Anatomical entity ID	Anatomical entity name	Stage ID	Stage name	Sex	Strain	Expression mapped anatomical entity ID	Expression mapped anatomical entity name	Expression mapped stage ID	Expression mapped stage name	Expression mapped sex	Expression mapped strain	Platform ID	Protocol	Library type	Library orientation	TMM normalization factor	TPM expression threshold	Read count	Mapped read count	Min. read length	Max. read length	All genes percent present	Protein coding genes percent present	Intergenic regions percent present	Distinct rank count	Max rank in the expression mapped condition	Run IDs	Data source	Data source URL	Bgee normalized data URL	Raw file URL
ERP104395	ERX2187525	UBERON:0000082	"adult mammalian kidney"	UBERON:0018241	"prime adult stage"	male	"Wistar Han"	UBERON:0000082	"adult mammalian kidney"	UBERON:0018241	"prime adult stage"	male	"Wistar Han"	Illumina HiSeq 2000	polyA	single	NA	1.149209	0.187132	29802306	22733423	50	50	48.94	66.89	3.88	17965	NA	ERR2130673	SRA	https://www.ncbi.nlm.nih.gov/sra/ERX2187525	https://bgee.org/ftp/bgee_v15_0/download/processed_expr_values/rna_seq/Rattus_norvegicus/Rattus_norvegicus_RNA-Seq_read_counts_TPM_FPKM_ERP104395.tsv.gz	https://trace.ncbi.nlm.nih.gov/Traces/study/?acc=ERX2187525
ERP104395	ERX2187526	UBERON:0000082	"adult mammalian kidney"	UBERON:0018241	"prime adult stage"	male	"Wistar Han"	UBERON:0000082	"adult mammalian kidney"	UBERON:0018241	"prime adult stage"	male	"Wistar Han"	Illumina HiSeq 2000	polyA	single	NA	1.194676	0.248867	27093035	20343089	50	50	48.89	66.86	3.86	18054	NA	ERR2130674	SRA	https://www.ncbi.nlm.nih.gov/sra/ERX2187526	https://bgee.org/ftp/bgee_v15_0/download/processed_expr_values/rna_seq/Rattus_norvegicus/Rattus_norvegicus_RNA-Seq_read_counts_TPM_FPKM_ERP104395.tsv.gz	https://trace.ncbi.nlm.nih.gov/Traces/study/?acc=ERX2187526
ERP104395	ERX2187527	UBERON:0000082	"adult mammalian kidney"	UBERON:0018241	"prime adult stage"	male	"Wistar Han"	UBERON:0000082	"adult mammalian kidney"	UBERON:0018241	"prime adult stage"	male	"Wistar Han"	Illumina HiSeq 2000	polyA	single	NA	1.208111	0.259338	23084479	17239404	50	50	47.81	65.54	3.92	17558	NA	ERR2130675	SRA	https://www.ncbi.nlm.nih.gov/sra/ERX2187527	https://bgee.org/ftp/bgee_v15_0/download/processed_expr_values/rna_seq/Rattus_norvegicus/Rattus_norvegicus_RNA-Seq_read_counts_TPM_FPKM_ERP104395.tsv.gz	https://trace.ncbi.nlm.nih.gov/Traces/study/?acc=ERX2187527
ERP104395	ERX2187537	UBERON:0000945	"stomach"	UBERON:0018241	"prime adult stage"	male	"Wistar Han"	UBERON:0000945	"stomach"	UBERON:0018241	"prime adult stage"	male	"Wistar Han"	Illumina HiSeq 2000	polyA	single	NA	1.091840	0.138825	28600634	22239926	50	50	51.28	70.14	3.54	18342	NA	ERR2130685	SRA	https://www.ncbi.nlm.nih.gov/sra/ERX2187537	https://bgee.org/ftp/bgee_v15_0/download/processed_expr_values/rna_seq/Rattus_norvegicus/Rattus_norvegicus_RNA-Seq_read_counts_TPM_FPKM_ERP104395.tsv.gz	https://trace.ncbi.nlm.nih.gov/Traces/study/?acc=ERX2187537
ERP104395	ERX2187538	UBERON:0000945	"stomach"	UBERON:0018241	"prime adult stage"	male	"Wistar Han"	UBERON:0000945	"stomach"	UBERON:0018241	"prime adult stage"	male	"Wistar Han"	Illumina HiSeq 2000	polyA	single	NA	1.022982	0.131172	30017138	23704068	50	50	50.57	69.40	3.53	18195	NA	ERR2130686	SRA	https://www.ncbi.nlm.nih.gov/sra/ERX2187538	https://bgee.org/ftp/bgee_v15_0/download/processed_expr_values/rna_seq/Rattus_norvegicus/Rattus_norvegicus_RNA-Seq_read_counts_TPM_FPKM_ERP104395.tsv.gz	https://trace.ncbi.nlm.nih.gov/Traces/study/?acc=ERX2187538
ERP104395	ERX2187539	UBERON:0000945	"stomach"	UBERON:0018241	"prime adult stage"	male	"Wistar Han"	UBERON:0000945	"stomach"	UBERON:0018241	"prime adult stage"	male	"Wistar Han"	Illumina HiSeq 2000	polyA	single	NA	1.173799	0.130279	28757619	22145497	50	50	52.05	71.27	3.36	18448	NA	ERR2130687	SRA	https://www.ncbi.nlm.nih.gov/sra/ERX2187539	https://bgee.org/ftp/bgee_v15_0/download/processed_expr_values/rna_seq/Rattus_norvegicus/Rattus_norvegicus_RNA-Seq_read_counts_TPM_FPKM_ERP104395.tsv.gz	https://trace.ncbi.nlm.nih.gov/Traces/study/?acc=ERX2187539
ERP104395	ERX2187516	UBERON:0000948	"heart"	UBERON:0018241	"prime adult stage"	male	"Wistar Han"	UBERON:0000948	"heart"	UBERON:0018241	"prime adult stage"	male	"Wistar Han"	Illumina HiSeq 2000	polyA	single	NA	0.917920	0.137032	28354352	21704078	50	50	48.57	66.70	3.52	17777	NA	ERR2130664	SRA	https://www.ncbi.nlm.nih.gov/sra/ERX2187516	https://bgee.org/ftp/bgee_v15_0/download/processed_expr_values/rna_seq/Rattus_norvegicus/Rattus_norvegicus_RNA-Seq_read_counts_TPM_FPKM_ERP104395.tsv.gz	https://trace.ncbi.nlm.nih.gov/Traces/study/?acc=ERX2187516
ERP104395	ERX2187517	UBERON:0000948	"heart"	UBERON:0018241	"prime adult stage"	male	"Wistar Han"	UBERON:0000948	"heart"	UBERON:0018241	"prime adult stage"	male	"Wistar Han"	Illumina HiSeq 2000	polyA	single	NA	0.816265	0.117158	29319725	22977816	50	50	47.85	65.64	3.30	17438	NA	ERR2130665	SRA	https://www.ncbi.nlm.nih.gov/sra/ERX2187517	https://bgee.org/ftp/bgee_v15_0/download/processed_expr_values/rna_seq/Rattus_norvegicus/Rattus_norvegicus_RNA-Seq_read_counts_TPM_FPKM_ERP104395.tsv.gz	https://trace.ncbi.nlm.nih.gov/Traces/study/?acc=ERX2187517
ERP104395	ERX2187518	UBERON:0000948	"heart"	UBERON:0018241	"prime adult stage"	male	"Wistar Han"	UBERON:0000948	"heart"	UBERON:0018241	"prime adult stage"	male	"Wistar Han"	Illumina HiSeq 2000	polyA	single	NA	0.907841	0.111004	25058566	19751971	50	50	48.52	66.24	3.37	17424	NA	ERR2130666	SRA	https://www.ncbi.nlm.nih.gov/sra/ERX2187518	https://bgee.org/ftp/bgee_v15_0/download/processed_expr_values/rna_seq/Rattus_norvegicus/Rattus_norvegicus_RNA-Seq_read_counts_TPM_FPKM_ERP104395.tsv.gz	https://trace.ncbi.nlm.nih.gov/Traces/study/?acc=ERX2187518
ERP104395	ERX2187504	UBERON:0000955	"brain"	UBERON:0018241	"prime adult stage"	male	"Wistar Han"	UBERON:0000955	"brain"	UBERON:0018241	"prime adult stage"	male	"Wistar Han"	Illumina HiSeq 2000	polyA	single	NA	1.434063	0.294232	26086706	18584336	50	50	52.53	71.84	3.84	18759	NA	ERR2130652	SRA	https://www.ncbi.nlm.nih.gov/sra/ERX2187504	https://bgee.org/ftp/bgee_v15_0/download/processed_expr_values/rna_seq/Rattus_norvegicus/Rattus_norvegicus_RNA-Seq_read_counts_TPM_FPKM_ERP104395.tsv.gz	https://trace.ncbi.nlm.nih.gov/Traces/study/?acc=ERX2187504
ERP104395	ERX2187505	UBERON:0000955	"brain"	UBERON:0018241	"prime adult stage"	male	"Wistar Han"	UBERON:0000955	"brain"	UBERON:0018241	"prime adult stage"	male	"Wistar Han"	Illumina HiSeq 2000	polyA	single	NA	1.387273	0.303945	25140712	17997217	50	50	51.96	70.92	3.78	18663	NA	ERR2130653	SRA	https://www.ncbi.nlm.nih.gov/sra/ERX2187505	https://bgee.org/ftp/bgee_v15_0/download/processed_expr_values/rna_seq/Rattus_norvegicus/Rattus_norvegicus_RNA-Seq_read_counts_TPM_FPKM_ERP104395.tsv.gz	https://trace.ncbi.nlm.nih.gov/Traces/study/?acc=ERX2187505
ERP104395	ERX2187506	UBERON:0000955	"brain"	UBERON:0018241	"prime adult stage"	male	"Wistar Han"	UBERON:0000955	"brain"	UBERON:0018241	"prime adult stage"	male	"Wistar Han"	Illumina HiSeq 2000	polyA	single	NA	1.392180	0.261263	24630544	18176872	50	50	51.77	70.66	3.91	18386	NA	ERR2130654	SRA	https://www.ncbi.nlm.nih.gov/sra/ERX2187506	https://bgee.org/ftp/bgee_v15_0/download/processed_expr_values/rna_seq/Rattus_norvegicus/Rattus_norvegicus_RNA-Seq_read_counts_TPM_FPKM_ERP104395.tsv.gz	https://trace.ncbi.nlm.nih.gov/Traces/study/?acc=ERX2187506
ERP104395	ERX2187513	UBERON:0001043	"esophagus"	UBERON:0018241	"prime adult stage"	male	"Wistar Han"	UBERON:0001043	"esophagus"	UBERON:0018241	"prime adult stage"	male	"Wistar Han"	Illumina HiSeq 2000	polyA	single	NA	1.298856	0.236825	25566901	18627623	50	50	50.94	69.74	3.59	18373	NA	ERR2130661	SRA	https://www.ncbi.nlm.nih.gov/sra/ERX2187513	https://bgee.org/ftp/bgee_v15_0/download/processed_expr_values/rna_seq/Rattus_norvegicus/Rattus_norvegicus_RNA-Seq_read_counts_TPM_FPKM_ERP104395.tsv.gz	https://trace.ncbi.nlm.nih.gov/Traces/study/?acc=ERX2187513
ERP104395	ERX2187514	UBERON:0001043	"esophagus"	UBERON:0018241	"prime adult stage"	male	"Wistar Han"	UBERON:0001043	"esophagus"	UBERON:0018241	"prime adult stage"	male	"Wistar Han"	Illumina HiSeq 2000	polyA	single	NA	1.281134	0.240845	28014794	20820402	50	50	51.16	69.90	3.65	18505	NA	ERR2130662	SRA	https://www.ncbi.nlm.nih.gov/sra/ERX2187514	https://bgee.org/ftp/bgee_v15_0/download/processed_expr_values/rna_seq/Rattus_norvegicus/Rattus_norvegicus_RNA-Seq_read_counts_TPM_FPKM_ERP104395.tsv.gz	https://trace.ncbi.nlm.nih.gov/Traces/study/?acc=ERX2187514
ERP104395	ERX2187515	UBERON:0001043	"esophagus"	UBERON:0018241	"prime adult stage"	male	"Wistar Han"	UBERON:0001043	"esophagus"	UBERON:0018241	"prime adult stage"	male	"Wistar Han"	Illumina HiSeq 2000	polyA	single	NA	1.311120	0.224404	25470075	18956119	50	50	50.68	69.29	3.55	18170	NA	ERR2130663	SRA	https://www.ncbi.nlm.nih.gov/sra/ERX2187515	https://bgee.org/ftp/bgee_v15_0/download/processed_expr_values/rna_seq/Rattus_norvegicus/Rattus_norvegicus_RNA-Seq_read_counts_TPM_FPKM_ERP104395.tsv.gz	https://trace.ncbi.nlm.nih.gov/Traces/study/?acc=ERX2187515
ERP104395	ERX2187507	UBERON:0001155	"colon"	UBERON:0018241	"prime adult stage"	male	"Wistar Han"	UBERON:0001155	"colon"	UBERON:0018241	"prime adult stage"	male	"Wistar Han"	Illumina HiSeq 2000	polyA	single	NA	1.480187	0.199876	27382138	20235039	50	50	52.12	71.42	3.67	18542	NA	ERR2130655	SRA	https://www.ncbi.nlm.nih.gov/sra/ERX2187507	https://bgee.org/ftp/bgee_v15_0/download/processed_expr_values/rna_seq/Rattus_norvegicus/Rattus_norvegicus_RNA-Seq_read_counts_TPM_FPKM_ERP104395.tsv.gz	https://trace.ncbi.nlm.nih.gov/Traces/study/?acc=ERX2187507
ERP104395	ERX2187508	UBERON:0001155	"colon"	UBERON:0018241	"prime adult stage"	male	"Wistar Han"	UBERON:0001155	"colon"	UBERON:0018241	"prime adult stage"	male	"Wistar Han"	Illumina HiSeq 2000	polyA	single	NA	1.689909	0.317622	22660981	15587314	50	50	52.38	71.57	3.49	18759	NA	ERR2130656	SRA	https://www.ncbi.nlm.nih.gov/sra/ERX2187508	https://bgee.org/ftp/bgee_v15_0/download/processed_expr_values/rna_seq/Rattus_norvegicus/Rattus_norvegicus_RNA-Seq_read_counts_TPM_FPKM_ERP104395.tsv.gz	https://trace.ncbi.nlm.nih.gov/Traces/study/?acc=ERX2187508
ERP104395	ERX2187509	UBERON:0001155	"colon"	UBERON:0018241	"prime adult stage"	male	"Wistar Han"	UBERON:0001155	"colon"	UBERON:0018241	"prime adult stage"	male	"Wistar Han"	Illumina HiSeq 2000	polyA	single	NA	1.502593	0.247976	27511051	19685211	50	50	51.00	69.74	3.68	18472	NA	ERR2130657	SRA	https://www.ncbi.nlm.nih.gov/sra/ERX2187509	https://bgee.org/ftp/bgee_v15_0/download/processed_expr_values/rna_seq/Rattus_norvegicus/Rattus_norvegicus_RNA-Seq_read_counts_TPM_FPKM_ERP104395.tsv.gz	https://trace.ncbi.nlm.nih.gov/Traces/study/?acc=ERX2187509
ERP104395	ERX2187531	UBERON:0001264	"pancreas"	UBERON:0018241	"prime adult stage"	male	"Wistar Han"	UBERON:0001264	"pancreas"	UBERON:0018241	"prime adult stage"	male	"Wistar Han"	Illumina HiSeq 2000	polyA	single	NA	0.120472	0.139565	15254871	10192188	50	50	27.95	39.48	1.08	12069	NA	ERR2130679	SRA	https://www.ncbi.nlm.nih.gov/sra/ERX2187531	https://bgee.org/ftp/bgee_v15_0/download/processed_expr_values/rna_seq/Rattus_norvegicus/Rattus_norvegicus_RNA-Seq_read_counts_TPM_FPKM_ERP104395.tsv.gz	https://trace.ncbi.nlm.nih.gov/Traces/study/?acc=ERX2187531
ERP104395	ERX2187532	UBERON:0001264	"pancreas"	UBERON:0018241	"prime adult stage"	male	"Wistar Han"	UBERON:0001264	"pancreas"	UBERON:0018241	"prime adult stage"	male	"Wistar Han"	Illumina HiSeq 2000	polyA	single	NA	0.403440	0.094257	26533592	21044667	50	50	47.79	66.11	3.00	17217	NA	ERR2130680	SRA	https://www.ncbi.nlm.nih.gov/sra/ERX2187532	https://bgee.org/ftp/bgee_v15_0/download/processed_expr_values/rna_seq/Rattus_norvegicus/Rattus_norvegicus_RNA-Seq_read_counts_TPM_FPKM_ERP104395.tsv.gz	https://trace.ncbi.nlm.nih.gov/Traces/study/?acc=ERX2187532
ERP104395	ERX2187533	UBERON:0001264	"pancreas"	UBERON:0018241	"prime adult stage"	male	"Wistar Han"	UBERON:0001264	"pancreas"	UBERON:0018241	"prime adult stage"	male	"Wistar Han"	Illumina HiSeq 2000	polyA	single	NA	0.254643	0.082649	21657308	16996260	50	50	44.45	62.05	2.47	16239	NA	ERR2130681	SRA	https://www.ncbi.nlm.nih.gov/sra/ERX2187533	https://bgee.org/ftp/bgee_v15_0/download/processed_expr_values/rna_seq/Rattus_norvegicus/Rattus_norvegicus_RNA-Seq_read_counts_TPM_FPKM_ERP104395.tsv.gz	https://trace.ncbi.nlm.nih.gov/Traces/study/?acc=ERX2187533
ERP104395	ERX2187534	UBERON:0001377	"quadriceps femoris"	UBERON:0018241	"prime adult stage"	male	"Wistar Han"	UBERON:0001377	"quadriceps femoris"	UBERON:0018241	"prime adult stage"	male	"Wistar Han"	Illumina HiSeq 2000	polyA	single	NA	0.757320	0.132430	27742687	21648650	50	50	47.37	65.26	3.38	17175	NA	ERR2130682	SRA	https://www.ncbi.nlm.nih.gov/sra/ERX2187534	https://bgee.org/ftp/bgee_v15_0/download/processed_expr_values/rna_seq/Rattus_norvegicus/Rattus_norvegicus_RNA-Seq_read_counts_TPM_FPKM_ERP104395.tsv.gz	https://trace.ncbi.nlm.nih.gov/Traces/study/?acc=ERX2187534
ERP104395	ERX2187535	UBERON:0001377	"quadriceps femoris"	UBERON:0018241	"prime adult stage"	male	"Wistar Han"	UBERON:0001377	"quadriceps femoris"	UBERON:0018241	"prime adult stage"	male	"Wistar Han"	Illumina HiSeq 2000	polyA	single	NA	0.641905	0.113004	27772610	21529116	50	50	46.57	64.27	3.07	16938	NA	ERR2130683	SRA	https://www.ncbi.nlm.nih.gov/sra/ERX2187535	https://bgee.org/ftp/bgee_v15_0/download/processed_expr_values/rna_seq/Rattus_norvegicus/Rattus_norvegicus_RNA-Seq_read_counts_TPM_FPKM_ERP104395.tsv.gz	https://trace.ncbi.nlm.nih.gov/Traces/study/?acc=ERX2187535
ERP104395	ERX2187536	UBERON:0001377	"quadriceps femoris"	UBERON:0018241	"prime adult stage"	male	"Wistar Han"	UBERON:0001377	"quadriceps femoris"	UBERON:0018241	"prime adult stage"	male	"Wistar Han"	Illumina HiSeq 2000	polyA	single	NA	0.645555	0.107240	22410839	17674534	50	50	45.91	63.46	2.80	16551	NA	ERR2130684	SRA	https://www.ncbi.nlm.nih.gov/sra/ERX2187536	https://bgee.org/ftp/bgee_v15_0/download/processed_expr_values/rna_seq/Rattus_norvegicus/Rattus_norvegicus_RNA-Seq_read_counts_TPM_FPKM_ERP104395.tsv.gz	https://trace.ncbi.nlm.nih.gov/Traces/study/?acc=ERX2187536
ERP104395	ERX2187528	UBERON:0002107	"liver"	UBERON:0018241	"prime adult stage"	male	"Wistar Han"	UBERON:0002107	"liver"	UBERON:0018241	"prime adult stage"	male	"Wistar Han"	Illumina HiSeq 2000	polyA	single	NA	0.575789	0.143653	26988670	21554803	50	50	43.90	60.71	3.41	16567	NA	ERR2130676	SRA	https://www.ncbi.nlm.nih.gov/sra/ERX2187528	https://bgee.org/ftp/bgee_v15_0/download/processed_expr_values/rna_seq/Rattus_norvegicus/Rattus_norvegicus_RNA-Seq_read_counts_TPM_FPKM_ERP104395.tsv.gz	https://trace.ncbi.nlm.nih.gov/Traces/study/?acc=ERX2187528
ERP104395	ERX2187529	UBERON:0002107	"liver"	UBERON:0018241	"prime adult stage"	male	"Wistar Han"	UBERON:0002107	"liver"	UBERON:0018241	"prime adult stage"	male	"Wistar Han"	Illumina HiSeq 2000	polyA	single	NA	0.580496	0.205976	30211078	24338046	50	50	43.78	60.55	3.81	16888	NA	ERR2130677	SRA	https://www.ncbi.nlm.nih.gov/sra/ERX2187529	https://bgee.org/ftp/bgee_v15_0/download/processed_expr_values/rna_seq/Rattus_norvegicus/Rattus_norvegicus_RNA-Seq_read_counts_TPM_FPKM_ERP104395.tsv.gz	https://trace.ncbi.nlm.nih.gov/Traces/study/?acc=ERX2187529
ERP104395	ERX2187530	UBERON:0002107	"liver"	UBERON:0018241	"prime adult stage"	male	"Wistar Han"	UBERON:0002107	"liver"	UBERON:0018241	"prime adult stage"	male	"Wistar Han"	Illumina HiSeq 2000	polyA	single	NA	0.675824	0.194335	24730603	19285587	50	50	45.01	62.17	3.52	17006	NA	ERR2130678	SRA	https://www.ncbi.nlm.nih.gov/sra/ERX2187530	https://bgee.org/ftp/bgee_v15_0/download/processed_expr_values/rna_seq/Rattus_norvegicus/Rattus_norvegicus_RNA-Seq_read_counts_TPM_FPKM_ERP104395.tsv.gz	https://trace.ncbi.nlm.nih.gov/Traces/study/?acc=ERX2187530
ERP104395	ERX2187510	UBERON:0002114	"duodenum"	UBERON:0018241	"prime adult stage"	male	"Wistar Han"	UBERON:0002114	"duodenum"	UBERON:0018241	"prime adult stage"	male	"Wistar Han"	Illumina HiSeq 2000	polyA	single	NA	1.126459	0.167527	25614855	19233304	50	50	50.02	68.69	3.61	18034	NA	ERR2130658	SRA	https://www.ncbi.nlm.nih.gov/sra/ERX2187510	https://bgee.org/ftp/bgee_v15_0/download/processed_expr_values/rna_seq/Rattus_norvegicus/Rattus_norvegicus_RNA-Seq_read_counts_TPM_FPKM_ERP104395.tsv.gz	https://trace.ncbi.nlm.nih.gov/Traces/study/?acc=ERX2187510
ERP104395	ERX2187511	UBERON:0002114	"duodenum"	UBERON:0018241	"prime adult stage"	male	"Wistar Han"	UBERON:0002114	"duodenum"	UBERON:0018241	"prime adult stage"	male	"Wistar Han"	Illumina HiSeq 2000	polyA	single	NA	1.166430	0.213109	25779165	19398852	50	50	50.14	68.79	3.86	18265	NA	ERR2130659	SRA	https://www.ncbi.nlm.nih.gov/sra/ERX2187511	https://bgee.org/ftp/bgee_v15_0/download/processed_expr_values/rna_seq/Rattus_norvegicus/Rattus_norvegicus_RNA-Seq_read_counts_TPM_FPKM_ERP104395.tsv.gz	https://trace.ncbi.nlm.nih.gov/Traces/study/?acc=ERX2187511
ERP104395	ERX2187512	UBERON:0002114	"duodenum"	UBERON:0018241	"prime adult stage"	male	"Wistar Han"	UBERON:0002114	"duodenum"	UBERON:0018241	"prime adult stage"	male	"Wistar Han"	Illumina HiSeq 2000	polyA	single	NA	0.978842	0.126619	22526096	17855887	50	50	49.10	67.57	2.81	17566	NA	ERR2130660	SRA	https://www.ncbi.nlm.nih.gov/sra/ERX2187512	https://bgee.org/ftp/bgee_v15_0/download/processed_expr_values/rna_seq/Rattus_norvegicus/Rattus_norvegicus_RNA-Seq_read_counts_TPM_FPKM_ERP104395.tsv.gz	https://trace.ncbi.nlm.nih.gov/Traces/study/?acc=ERX2187512
ERP104395	ERX2187522	UBERON:0002115	"jejunum"	UBERON:0018241	"prime adult stage"	male	"Wistar Han"	UBERON:0002115	"jejunum"	UBERON:0018241	"prime adult stage"	male	"Wistar Han"	Illumina HiSeq 2000	polyA	single	NA	1.160834	0.190644	26911432	20583413	50	50	50.40	69.18	3.70	18192	NA	ERR2130670	SRA	https://www.ncbi.nlm.nih.gov/sra/ERX2187522	https://bgee.org/ftp/bgee_v15_0/download/processed_expr_values/rna_seq/Rattus_norvegicus/Rattus_norvegicus_RNA-Seq_read_counts_TPM_FPKM_ERP104395.tsv.gz	https://trace.ncbi.nlm.nih.gov/Traces/study/?acc=ERX2187522
ERP104395	ERX2187523	UBERON:0002115	"jejunum"	UBERON:0018241	"prime adult stage"	male	"Wistar Han"	UBERON:0002115	"jejunum"	UBERON:0018241	"prime adult stage"	male	"Wistar Han"	Illumina HiSeq 2000	polyA	single	NA	1.413539	0.226540	25602451	19171902	50	50	51.05	69.88	3.69	18493	NA	ERR2130671	SRA	https://www.ncbi.nlm.nih.gov/sra/ERX2187523	https://bgee.org/ftp/bgee_v15_0/download/processed_expr_values/rna_seq/Rattus_norvegicus/Rattus_norvegicus_RNA-Seq_read_counts_TPM_FPKM_ERP104395.tsv.gz	https://trace.ncbi.nlm.nih.gov/Traces/study/?acc=ERX2187523
ERP104395	ERX2187524	UBERON:0002115	"jejunum"	UBERON:0018241	"prime adult stage"	male	"Wistar Han"	UBERON:0002115	"jejunum"	UBERON:0018241	"prime adult stage"	male	"Wistar Han"	Illumina HiSeq 2000	polyA	single	NA	1.270389	0.234952	31442650	23391884	50	50	50.52	69.23	3.92	18500	NA	ERR2130672	SRA	https://www.ncbi.nlm.nih.gov/sra/ERX2187524	https://bgee.org/ftp/bgee_v15_0/download/processed_expr_values/rna_seq/Rattus_norvegicus/Rattus_norvegicus_RNA-Seq_read_counts_TPM_FPKM_ERP104395.tsv.gz	https://trace.ncbi.nlm.nih.gov/Traces/study/?acc=ERX2187524
ERP104395	ERX2187519	UBERON:0002116	"ileum"	UBERON:0018241	"prime adult stage"	male	"Wistar Han"	UBERON:0002116	"ileum"	UBERON:0018241	"prime adult stage"	male	"Wistar Han"	Illumina HiSeq 2000	polyA	single	NA	1.375455	0.213421	22247548	16854674	50	50	50.26	69.12	3.60	18062	NA	ERR2130667	SRA	https://www.ncbi.nlm.nih.gov/sra/ERX2187519	https://bgee.org/ftp/bgee_v15_0/download/processed_expr_values/rna_seq/Rattus_norvegicus/Rattus_norvegicus_RNA-Seq_read_counts_TPM_FPKM_ERP104395.tsv.gz	https://trace.ncbi.nlm.nih.gov/Traces/study/?acc=ERX2187519
ERP104395	ERX2187520	UBERON:0002116	"ileum"	UBERON:0018241	"prime adult stage"	male	"Wistar Han"	UBERON:0002116	"ileum"	UBERON:0018241	"prime adult stage"	male	"Wistar Han"	Illumina HiSeq 2000	polyA	single	NA	1.287660	0.215047	26425636	19693397	50	50	50.85	69.68	3.81	18451	NA	ERR2130668	SRA	https://www.ncbi.nlm.nih.gov/sra/ERX2187520	https://bgee.org/ftp/bgee_v15_0/download/processed_expr_values/rna_seq/Rattus_norvegicus/Rattus_norvegicus_RNA-Seq_read_counts_TPM_FPKM_ERP104395.tsv.gz	https://trace.ncbi.nlm.nih.gov/Traces/study/?acc=ERX2187520
ERP104395	ERX2187521	UBERON:0002116	"ileum"	UBERON:0018241	"prime adult stage"	male	"Wistar Han"	UBERON:0002116	"ileum"	UBERON:0018241	"prime adult stage"	male	"Wistar Han"	Illumina HiSeq 2000	polyA	single	NA	1.718422	0.367511	28708376	19691533	50	50	49.73	68.13	3.91	18622	NA	ERR2130669	SRA	https://www.ncbi.nlm.nih.gov/sra/ERX2187521	https://bgee.org/ftp/bgee_v15_0/download/processed_expr_values/rna_seq/Rattus_norvegicus/Rattus_norvegicus_RNA-Seq_read_counts_TPM_FPKM_ERP104395.tsv.gz	https://trace.ncbi.nlm.nih.gov/Traces/study/?acc=ERX2187521
ERP104395	ERX2187540	UBERON:0002370	"thymus"	UBERON:0018241	"prime adult stage"	male	"Wistar Han"	UBERON:0002370	"thymus"	UBERON:0018241	"prime adult stage"	male	"Wistar Han"	Illumina HiSeq 2000	polyA	single	NA	1.464386	0.250739	23937032	17489104	50	50	48.72	67.16	3.61	18452	NA	ERR2130688	SRA	https://www.ncbi.nlm.nih.gov/sra/ERX2187540	https://bgee.org/ftp/bgee_v15_0/download/processed_expr_values/rna_seq/Rattus_norvegicus/Rattus_norvegicus_RNA-Seq_read_counts_TPM_FPKM_ERP104395.tsv.gz	https://trace.ncbi.nlm.nih.gov/Traces/study/?acc=ERX2187540
ERP104395	ERX2187541	UBERON:0002370	"thymus"	UBERON:0018241	"prime adult stage"	male	"Wistar Han"	UBERON:0002370	"thymus"	UBERON:0018241	"prime adult stage"	male	"Wistar Han"	Illumina HiSeq 2000	polyA	single	NA	1.678768	0.563731	31632148	20157982	50	50	48.05	65.71	4.15	19192	NA	ERR2130689	SRA	https://www.ncbi.nlm.nih.gov/sra/ERX2187541	https://bgee.org/ftp/bgee_v15_0/download/processed_expr_values/rna_seq/Rattus_norvegicus/Rattus_norvegicus_RNA-Seq_read_counts_TPM_FPKM_ERP104395.tsv.gz	https://trace.ncbi.nlm.nih.gov/Traces/study/?acc=ERX2187541
ERP104395	ERX2187542	UBERON:0002370	"thymus"	UBERON:0018241	"prime adult stage"	male	"Wistar Han"	UBERON:0002370	"thymus"	UBERON:0018241	"prime adult stage"	male	"Wistar Han"	Illumina HiSeq 2000	polyA	single	NA	1.691343	0.489524	20976848	13914813	50	50	47.40	65.02	3.97	18426	NA	ERR2130690	SRA	https://www.ncbi.nlm.nih.gov/sra/ERX2187542	https://bgee.org/ftp/bgee_v15_0/download/processed_expr_values/rna_seq/Rattus_norvegicus/Rattus_norvegicus_RNA-Seq_read_counts_TPM_FPKM_ERP104395.tsv.gz	https://trace.ncbi.nlm.nih.gov/Traces/study/?acc=ERX2187542
GSE41637	SRX196302	UBERON:0000082	"adult mammalian kidney"	UBERON:0000113	"post-juvenile"	NA	"BN/SsNHsd"	UBERON:0000082	"adult mammalian kidney"	UBERON:0000113	"post-juvenile"	not annotated	"BN/SsNHsd"	Illumina HiSeq 2000	polyA	paired	NA	1.134240	0.243864	116656722	91878524	77	77	54.51	67.75	3.71	20732	NA	SRR594431	GEO	https://www.ncbi.nlm.nih.gov/geo/query/acc.cgi?acc=SRX196302	https://bgee.org/ftp/bgee_v15_0/download/processed_expr_values/rna_seq/Rattus_norvegicus/Rattus_norvegicus_RNA-Seq_read_counts_TPM_FPKM_GSE41637.tsv.gz	https://trace.ncbi.nlm.nih.gov/Traces/study/?acc=SRX196302
GSE41637	SRX196293	UBERON:0000082	"adult mammalian kidney"	UBERON:0000113	"post-juvenile"	NA	"Fischer 344/Crl"	UBERON:0000082	"adult mammalian kidney"	UBERON:0000113	"post-juvenile"	not annotated	"Fischer 344/Crl"	Illumina HiSeq 2000	polyA	paired	NA	0.963237	0.213266	114089612	94537456	50	50	51.34	65.45	4.08	19577	NA	SRR594422	GEO	https://www.ncbi.nlm.nih.gov/geo/query/acc.cgi?acc=SRX196293	https://bgee.org/ftp/bgee_v15_0/download/processed_expr_values/rna_seq/Rattus_norvegicus/Rattus_norvegicus_RNA-Seq_read_counts_TPM_FPKM_GSE41637.tsv.gz	https://trace.ncbi.nlm.nih.gov/Traces/study/?acc=SRX196293
GSE41637	SRX196311	UBERON:0000082	"adult mammalian kidney"	UBERON:0000113	"post-juvenile"	NA	"Sprague-Dawley"	UBERON:0000082	"adult mammalian kidney"	UBERON:0000113	"post-juvenile"	not annotated	"Sprague-Dawley"	Illumina HiSeq 2000	polyA	paired	NA	1.114776	0.649837	40114787	21225596	40	40	43.02	60.39	2.08	16749	NA	SRR594440	GEO	https://www.ncbi.nlm.nih.gov/geo/query/acc.cgi?acc=SRX196311	https://bgee.org/ftp/bgee_v15_0/download/processed_expr_values/rna_seq/Rattus_norvegicus/Rattus_norvegicus_RNA-Seq_read_counts_TPM_FPKM_GSE41637.tsv.gz	https://trace.ncbi.nlm.nih.gov/Traces/study/?acc=SRX196311
GSE41637	SRX196307	UBERON:0000473	"testis"	UBERON:0000113	"post-juvenile"	male	"BN/SsNHsd"	UBERON:0000473	"testis"	UBERON:0000113	"post-juvenile"	male	"BN/SsNHsd"	Illumina HiSeq 2000	polyA	paired	NA	0.915018	0.587433	114820645	87198303	77	77	56.59	64.45	5.44	23081	NA	SRR594436	GEO	https://www.ncbi.nlm.nih.gov/geo/query/acc.cgi?acc=SRX196307	https://bgee.org/ftp/bgee_v15_0/download/processed_expr_values/rna_seq/Rattus_norvegicus/Rattus_norvegicus_RNA-Seq_read_counts_TPM_FPKM_GSE41637.tsv.gz	https://trace.ncbi.nlm.nih.gov/Traces/study/?acc=SRX196307
GSE41637	SRX196298	UBERON:0000473	"testis"	UBERON:0000113	"post-juvenile"	male	"Fischer 344/Crl"	UBERON:0000473	"testis"	UBERON:0000113	"post-juvenile"	male	"Fischer 344/Crl"	Illumina HiSeq 2000	polyA	paired	NA	0.860622	0.162138	115244483	89416430	50	50	57.72	71.42	4.16	21321	NA	SRR594427	GEO	https://www.ncbi.nlm.nih.gov/geo/query/acc.cgi?acc=SRX196298	https://bgee.org/ftp/bgee_v15_0/download/processed_expr_values/rna_seq/Rattus_norvegicus/Rattus_norvegicus_RNA-Seq_read_counts_TPM_FPKM_GSE41637.tsv.gz	https://trace.ncbi.nlm.nih.gov/Traces/study/?acc=SRX196298
GSE41637	SRX196316	UBERON:0000473	"testis"	UBERON:0000113	"post-juvenile"	male	"Sprague-Dawley"	UBERON:0000473	"testis"	UBERON:0000113	"post-juvenile"	male	"Sprague-Dawley"	Illumina HiSeq 2000	polyA	paired	NA	0.918188	0.416306	40207033	24286139	40	40	48.37	65.16	2.44	18385	NA	SRR594445	GEO	https://www.ncbi.nlm.nih.gov/geo/query/acc.cgi?acc=SRX196316	https://bgee.org/ftp/bgee_v15_0/download/processed_expr_values/rna_seq/Rattus_norvegicus/Rattus_norvegicus_RNA-Seq_read_counts_TPM_FPKM_GSE41637.tsv.gz	https://trace.ncbi.nlm.nih.gov/Traces/study/?acc=SRX196316
GSE41637	SRX196301	UBERON:0000948	"heart"	UBERON:0000113	"post-juvenile"	NA	"BN/SsNHsd"	UBERON:0000948	"heart"	UBERON:0000113	"post-juvenile"	not annotated	"BN/SsNHsd"	Illumina HiSeq 2000	polyA	paired	NA	0.774145	0.137406	67008998	55209166	80	80	51.05	64.55	3.45	18958	NA	SRR594430	GEO	https://www.ncbi.nlm.nih.gov/geo/query/acc.cgi?acc=SRX196301	https://bgee.org/ftp/bgee_v15_0/download/processed_expr_values/rna_seq/Rattus_norvegicus/Rattus_norvegicus_RNA-Seq_read_counts_TPM_FPKM_GSE41637.tsv.gz	https://trace.ncbi.nlm.nih.gov/Traces/study/?acc=SRX196301
GSE41637	SRX196292	UBERON:0000948	"heart"	UBERON:0000113	"post-juvenile"	NA	"Fischer 344/Crl"	UBERON:0000948	"heart"	UBERON:0000113	"post-juvenile"	not annotated	"Fischer 344/Crl"	Illumina HiSeq 2000	polyA	paired	NA	0.741623	0.298183	35802852	17249560	40	40	41.23	57.80	2.49	15973	NA	SRR594421	GEO	https://www.ncbi.nlm.nih.gov/geo/query/acc.cgi?acc=SRX196292	https://bgee.org/ftp/bgee_v15_0/download/processed_expr_values/rna_seq/Rattus_norvegicus/Rattus_norvegicus_RNA-Seq_read_counts_TPM_FPKM_GSE41637.tsv.gz	https://trace.ncbi.nlm.nih.gov/Traces/study/?acc=SRX196292
GSE41637	SRX196310	UBERON:0000948	"heart"	UBERON:0000113	"post-juvenile"	NA	"Sprague-Dawley"	UBERON:0000948	"heart"	UBERON:0000113	"post-juvenile"	not annotated	"Sprague-Dawley"	Illumina HiSeq 2000	polyA	paired	NA	0.826447	0.338348	25869367	12393465	40	40	42.07	58.87	2.12	15916	NA	SRR594439	GEO	https://www.ncbi.nlm.nih.gov/geo/query/acc.cgi?acc=SRX196310	https://bgee.org/ftp/bgee_v15_0/download/processed_expr_values/rna_seq/Rattus_norvegicus/Rattus_norvegicus_RNA-Seq_read_counts_TPM_FPKM_GSE41637.tsv.gz	https://trace.ncbi.nlm.nih.gov/Traces/study/?acc=SRX196310
GSE41637	SRX196299	UBERON:0000955	"brain"	UBERON:0000113	"post-juvenile"	NA	"BN/SsNHsd"	UBERON:0000955	"brain"	UBERON:0000113	"post-juvenile"	not annotated	"BN/SsNHsd"	Illumina HiSeq 2000	polyA	paired	NA	1.309254	0.429383	96368839	67648642	80	80	57.25	68.69	4.16	21409	NA	SRR594428	GEO	https://www.ncbi.nlm.nih.gov/geo/query/acc.cgi?acc=SRX196299	https://bgee.org/ftp/bgee_v15_0/download/processed_expr_values/rna_seq/Rattus_norvegicus/Rattus_norvegicus_RNA-Seq_read_counts_TPM_FPKM_GSE41637.tsv.gz	https://trace.ncbi.nlm.nih.gov/Traces/study/?acc=SRX196299
GSE41637	SRX196290	UBERON:0000955	"brain"	UBERON:0000113	"post-juvenile"	NA	"Fischer 344/Crl"	UBERON:0000955	"brain"	UBERON:0000113	"post-juvenile"	not annotated	"Fischer 344/Crl"	Illumina HiSeq 2000	polyA	paired	NA	1.272727	0.508464	119038900	84559074	80	80	56.69	68.49	3.96	21392	NA	SRR594419	GEO	https://www.ncbi.nlm.nih.gov/geo/query/acc.cgi?acc=SRX196290	https://bgee.org/ftp/bgee_v15_0/download/processed_expr_values/rna_seq/Rattus_norvegicus/Rattus_norvegicus_RNA-Seq_read_counts_TPM_FPKM_GSE41637.tsv.gz	https://trace.ncbi.nlm.nih.gov/Traces/study/?acc=SRX196290
GSE41637	SRX196308	UBERON:0000955	"brain"	UBERON:0000113	"post-juvenile"	NA	"Sprague-Dawley"	UBERON:0000955	"brain"	UBERON:0000113	"post-juvenile"	not annotated	"Sprague-Dawley"	Illumina HiSeq 2000	polyA	paired	NA	1.280048	0.775711	32262802	14846233	40	40	45.02	63.05	3.11	17373	NA	SRR594437	GEO	https://www.ncbi.nlm.nih.gov/geo/query/acc.cgi?acc=SRX196308	https://bgee.org/ftp/bgee_v15_0/download/processed_expr_values/rna_seq/Rattus_norvegicus/Rattus_norvegicus_RNA-Seq_read_counts_TPM_FPKM_GSE41637.tsv.gz	https://trace.ncbi.nlm.nih.gov/Traces/study/?acc=SRX196308
GSE41637	SRX196305	UBERON:0001134	"skeletal muscle tissue"	UBERON:0000113	"post-juvenile"	NA	"BN/SsNHsd"	UBERON:0001134	"skeletal muscle tissue"	UBERON:0000113	"post-juvenile"	not annotated	"BN/SsNHsd"	Illumina HiSeq 2000	polyA	paired	NA	0.576225	0.115024	65129431	53313071	80	80	50.00	64.21	3.70	18662	NA	SRR594434	GEO	https://www.ncbi.nlm.nih.gov/geo/query/acc.cgi?acc=SRX196305	https://bgee.org/ftp/bgee_v15_0/download/processed_expr_values/rna_seq/Rattus_norvegicus/Rattus_norvegicus_RNA-Seq_read_counts_TPM_FPKM_GSE41637.tsv.gz	https://trace.ncbi.nlm.nih.gov/Traces/study/?acc=SRX196305
GSE41637	SRX196296	UBERON:0001134	"skeletal muscle tissue"	UBERON:0000113	"post-juvenile"	NA	"Fischer 344/Crl"	UBERON:0001134	"skeletal muscle tissue"	UBERON:0000113	"post-juvenile"	not annotated	"Fischer 344/Crl"	Illumina HiSeq 2000	polyA	paired	NA	0.527177	0.203742	37154959	21098423	40	40	41.12	57.78	2.54	15576	NA	SRR594425	GEO	https://www.ncbi.nlm.nih.gov/geo/query/acc.cgi?acc=SRX196296	https://bgee.org/ftp/bgee_v15_0/download/processed_expr_values/rna_seq/Rattus_norvegicus/Rattus_norvegicus_RNA-Seq_read_counts_TPM_FPKM_GSE41637.tsv.gz	https://trace.ncbi.nlm.nih.gov/Traces/study/?acc=SRX196296
GSE41637	SRX196314	UBERON:0001134	"skeletal muscle tissue"	UBERON:0000113	"post-juvenile"	NA	"Sprague-Dawley"	UBERON:0001134	"skeletal muscle tissue"	UBERON:0000113	"post-juvenile"	not annotated	"Sprague-Dawley"	Illumina HiSeq 2000	polyA	paired	NA	0.422742	0.141711	41026885	24935916	40	40	41.14	58.14	1.75	15281	NA	SRR594443	GEO	https://www.ncbi.nlm.nih.gov/geo/query/acc.cgi?acc=SRX196314	https://bgee.org/ftp/bgee_v15_0/download/processed_expr_values/rna_seq/Rattus_norvegicus/Rattus_norvegicus_RNA-Seq_read_counts_TPM_FPKM_GSE41637.tsv.gz	https://trace.ncbi.nlm.nih.gov/Traces/study/?acc=SRX196314
GSE41637	SRX196300	UBERON:0001155	"colon"	UBERON:0000113	"post-juvenile"	NA	"BN/SsNHsd"	UBERON:0001155	"colon"	UBERON:0000113	"post-juvenile"	not annotated	"BN/SsNHsd"	Illumina HiSeq 2000	polyA	paired	NA	1.522041	0.296286	73664290	55284909	80	80	55.30	69.21	3.24	20635	NA	SRR594429	GEO	https://www.ncbi.nlm.nih.gov/geo/query/acc.cgi?acc=SRX196300	https://bgee.org/ftp/bgee_v15_0/download/processed_expr_values/rna_seq/Rattus_norvegicus/Rattus_norvegicus_RNA-Seq_read_counts_TPM_FPKM_GSE41637.tsv.gz	https://trace.ncbi.nlm.nih.gov/Traces/study/?acc=SRX196300
GSE41637	SRX196291	UBERON:0001155	"colon"	UBERON:0000113	"post-juvenile"	NA	"Fischer 344/Crl"	UBERON:0001155	"colon"	UBERON:0000113	"post-juvenile"	not annotated	"Fischer 344/Crl"	Illumina HiSeq 2000	polyA	paired	NA	1.439963	0.596042	112971298	74983089	50	50	51.59	64.32	4.06	20864	NA	SRR594420	GEO	https://www.ncbi.nlm.nih.gov/geo/query/acc.cgi?acc=SRX196291	https://bgee.org/ftp/bgee_v15_0/download/processed_expr_values/rna_seq/Rattus_norvegicus/Rattus_norvegicus_RNA-Seq_read_counts_TPM_FPKM_GSE41637.tsv.gz	https://trace.ncbi.nlm.nih.gov/Traces/study/?acc=SRX196291
GSE41637	SRX196309	UBERON:0001155	"colon"	UBERON:0000113	"post-juvenile"	NA	"Sprague-Dawley"	UBERON:0001155	"colon"	UBERON:0000113	"post-juvenile"	not annotated	"Sprague-Dawley"	Illumina HiSeq 2000	polyA	paired	NA	1.199970	0.534679	33871058	15346564	40	40	43.87	61.50	2.60	17296	NA	SRR594438	GEO	https://www.ncbi.nlm.nih.gov/geo/query/acc.cgi?acc=SRX196309	https://bgee.org/ftp/bgee_v15_0/download/processed_expr_values/rna_seq/Rattus_norvegicus/Rattus_norvegicus_RNA-Seq_read_counts_TPM_FPKM_GSE41637.tsv.gz	https://trace.ncbi.nlm.nih.gov/Traces/study/?acc=SRX196309
GSE41637	SRX196304	UBERON:0002048	"lung"	UBERON:0000113	"post-juvenile"	NA	"BN/SsNHsd"	UBERON:0002048	"lung"	UBERON:0000113	"post-juvenile"	not annotated	"BN/SsNHsd"	Illumina HiSeq 2000	polyA	paired	NA	1.598421	0.533276	84087214	59498252	80	80	55.16	68.13	3.28	20827	NA	SRR594433	GEO	https://www.ncbi.nlm.nih.gov/geo/query/acc.cgi?acc=SRX196304	https://bgee.org/ftp/bgee_v15_0/download/processed_expr_values/rna_seq/Rattus_norvegicus/Rattus_norvegicus_RNA-Seq_read_counts_TPM_FPKM_GSE41637.tsv.gz	https://trace.ncbi.nlm.nih.gov/Traces/study/?acc=SRX196304
GSE41637	SRX196295	UBERON:0002048	"lung"	UBERON:0000113	"post-juvenile"	NA	"Fischer 344/Crl"	UBERON:0002048	"lung"	UBERON:0000113	"post-juvenile"	not annotated	"Fischer 344/Crl"	Illumina HiSeq 2000	polyA	paired	NA	1.546335	0.631865	117269672	83177668	50	50	53.51	66.07	3.85	21028	NA	SRR594424	GEO	https://www.ncbi.nlm.nih.gov/geo/query/acc.cgi?acc=SRX196295	https://bgee.org/ftp/bgee_v15_0/download/processed_expr_values/rna_seq/Rattus_norvegicus/Rattus_norvegicus_RNA-Seq_read_counts_TPM_FPKM_GSE41637.tsv.gz	https://trace.ncbi.nlm.nih.gov/Traces/study/?acc=SRX196295
GSE41637	SRX196313	UBERON:0002048	"lung"	UBERON:0000113	"post-juvenile"	NA	"Sprague-Dawley"	UBERON:0002048	"lung"	UBERON:0000113	"post-juvenile"	not annotated	"Sprague-Dawley"	Illumina HiSeq 2000	polyA	paired	NA	1.630368	0.966701	20835407	9827160	40	40	44.53	62.44	2.38	17005	NA	SRR594442	GEO	https://www.ncbi.nlm.nih.gov/geo/query/acc.cgi?acc=SRX196313	https://bgee.org/ftp/bgee_v15_0/download/processed_expr_values/rna_seq/Rattus_norvegicus/Rattus_norvegicus_RNA-Seq_read_counts_TPM_FPKM_GSE41637.tsv.gz	https://trace.ncbi.nlm.nih.gov/Traces/study/?acc=SRX196313
GSE41637	SRX196306	UBERON:0002106	"spleen"	UBERON:0000113	"post-juvenile"	NA	"BN/SsNHsd"	UBERON:0002106	"spleen"	UBERON:0000113	"post-juvenile"	not annotated	"BN/SsNHsd"	Illumina HiSeq 2000	polyA	paired	NA	1.429978	0.359089	112500969	79469999	77	77	53.41	65.40	3.47	20843	NA	SRR594435	GEO	https://www.ncbi.nlm.nih.gov/geo/query/acc.cgi?acc=SRX196306	https://bgee.org/ftp/bgee_v15_0/download/processed_expr_values/rna_seq/Rattus_norvegicus/Rattus_norvegicus_RNA-Seq_read_counts_TPM_FPKM_GSE41637.tsv.gz	https://trace.ncbi.nlm.nih.gov/Traces/study/?acc=SRX196306
GSE41637	SRX196297	UBERON:0002106	"spleen"	UBERON:0000113	"post-juvenile"	NA	"Fischer 344/Crl"	UBERON:0002106	"spleen"	UBERON:0000113	"post-juvenile"	not annotated	"Fischer 344/Crl"	Illumina HiSeq 2000	polyA	paired	NA	1.549699	0.443200	108073128	73025932	50	50	53.10	64.80	3.96	21017	NA	SRR594426	GEO	https://www.ncbi.nlm.nih.gov/geo/query/acc.cgi?acc=SRX196297	https://bgee.org/ftp/bgee_v15_0/download/processed_expr_values/rna_seq/Rattus_norvegicus/Rattus_norvegicus_RNA-Seq_read_counts_TPM_FPKM_GSE41637.tsv.gz	https://trace.ncbi.nlm.nih.gov/Traces/study/?acc=SRX196297
GSE41637	SRX196315	UBERON:0002106	"spleen"	UBERON:0000113	"post-juvenile"	NA	"Sprague-Dawley"	UBERON:0002106	"spleen"	UBERON:0000113	"post-juvenile"	not annotated	"Sprague-Dawley"	Illumina HiSeq 2000	polyA	paired	NA	1.426696	0.465206	29882026	14051187	40	40	43.44	60.49	2.45	16871	NA	SRR594444	GEO	https://www.ncbi.nlm.nih.gov/geo/query/acc.cgi?acc=SRX196315	https://bgee.org/ftp/bgee_v15_0/download/processed_expr_values/rna_seq/Rattus_norvegicus/Rattus_norvegicus_RNA-Seq_read_counts_TPM_FPKM_GSE41637.tsv.gz	https://trace.ncbi.nlm.nih.gov/Traces/study/?acc=SRX196315
GSE41637	SRX196303	UBERON:0002107	"liver"	UBERON:0000113	"post-juvenile"	NA	"BN/SsNHsd"	UBERON:0002107	"liver"	UBERON:0000113	"post-juvenile"	not annotated	"BN/SsNHsd"	Illumina HiSeq 2000	polyA	paired	NA	0.498240	0.137843	131658529	110140822	80	80	49.50	61.94	3.71	19209	NA	SRR594432	GEO	https://www.ncbi.nlm.nih.gov/geo/query/acc.cgi?acc=SRX196303	https://bgee.org/ftp/bgee_v15_0/download/processed_expr_values/rna_seq/Rattus_norvegicus/Rattus_norvegicus_RNA-Seq_read_counts_TPM_FPKM_GSE41637.tsv.gz	https://trace.ncbi.nlm.nih.gov/Traces/study/?acc=SRX196303
GSE41637	SRX196294	UBERON:0002107	"liver"	UBERON:0000113	"post-juvenile"	NA	"Fischer 344/Crl"	UBERON:0002107	"liver"	UBERON:0000113	"post-juvenile"	not annotated	"Fischer 344/Crl"	Illumina Genome Analyzer IIx	polyA	paired	NA	1.000000	0.320721	26181362	16515902	36	36	39.99	56.00	2.43	15638	NA	SRR594423	GEO	https://www.ncbi.nlm.nih.gov/geo/query/acc.cgi?acc=SRX196294	https://bgee.org/ftp/bgee_v15_0/download/processed_expr_values/rna_seq/Rattus_norvegicus/Rattus_norvegicus_RNA-Seq_read_counts_TPM_FPKM_GSE41637.tsv.gz	https://trace.ncbi.nlm.nih.gov/Traces/study/?acc=SRX196294
GSE41637	SRX196312	UBERON:0002107	"liver"	UBERON:0000113	"post-juvenile"	NA	"Sprague-Dawley"	UBERON:0002107	"liver"	UBERON:0000113	"post-juvenile"	not annotated	"Sprague-Dawley"	Illumina HiSeq 2000	polyA	paired	NA	0.523353	0.357980	42043440	22906233	40	40	38.38	53.96	2.36	15632	NA	SRR594441	GEO	https://www.ncbi.nlm.nih.gov/geo/query/acc.cgi?acc=SRX196312	https://bgee.org/ftp/bgee_v15_0/download/processed_expr_values/rna_seq/Rattus_norvegicus/Rattus_norvegicus_RNA-Seq_read_counts_TPM_FPKM_GSE41637.tsv.gz	https://trace.ncbi.nlm.nih.gov/Traces/study/?acc=SRX196312
SRP029760	SRX386111	UBERON:0000473	"testis"	RnorDv:0000018	"3-month-old stage (rat)"	male	"Brown Norway"	UBERON:0000473	"testis"	UBERON:0018241	"prime adult stage"	male	"Brown Norway"	Illumina HiSeq 2000	polyA	single	NA	1.075424	0.658961	33542814	24443579	101	101	52.68	66.61	5.44	21073	NA	SRR1041777	GEO	https://www.ncbi.nlm.nih.gov/geo/query/acc.cgi?acc=SRX386111	https://bgee.org/ftp/bgee_v15_0/download/processed_expr_values/rna_seq/Rattus_norvegicus/Rattus_norvegicus_RNA-Seq_read_counts_TPM_FPKM_SRP029760.tsv.gz	https://trace.ncbi.nlm.nih.gov/Traces/study/?acc=SRX386111
SRP029760	SRX386104	UBERON:0000948	"heart"	RnorDv:0000017	"11-week-old stage (rat)"	female	"Brown Norway"	UBERON:0000948	"heart"	UBERON:0018241	"prime adult stage"	female	"Brown Norway"	Illumina HiSeq 2000	polyA	single	NA	0.710621	0.091778	26302354	21463088	101	101	47.19	64.66	3.40	17297	NA	SRR1041770	GEO	https://www.ncbi.nlm.nih.gov/geo/query/acc.cgi?acc=SRX386104	https://bgee.org/ftp/bgee_v15_0/download/processed_expr_values/rna_seq/Rattus_norvegicus/Rattus_norvegicus_RNA-Seq_read_counts_TPM_FPKM_SRP029760.tsv.gz	https://trace.ncbi.nlm.nih.gov/Traces/study/?acc=SRX386104
SRP029760	SRX386105	UBERON:0000948	"heart"	RnorDv:0000018	"3-month-old stage (rat)"	male	"Brown Norway"	UBERON:0000948	"heart"	UBERON:0018241	"prime adult stage"	male	"Brown Norway"	Illumina HiSeq 2000	polyA	single	NA	0.690043	0.079972	35058694	28851677	101	101	47.72	65.33	3.61	17256	NA	SRR1041771	GEO	https://www.ncbi.nlm.nih.gov/geo/query/acc.cgi?acc=SRX386105	https://bgee.org/ftp/bgee_v15_0/download/processed_expr_values/rna_seq/Rattus_norvegicus/Rattus_norvegicus_RNA-Seq_read_counts_TPM_FPKM_SRP029760.tsv.gz	https://trace.ncbi.nlm.nih.gov/Traces/study/?acc=SRX386105
SRP029760	SRX386110	UBERON:0000992	"ovary"	RnorDv:0000017	"11-week-old stage (rat)"	female	"Brown Norway"	UBERON:0000992	"ovary"	UBERON:0018241	"prime adult stage"	female	"Brown Norway"	Illumina HiSeq 2000	polyA	single	NA	1.741061	0.351954	21060447	15502937	101	101	50.20	68.62	3.77	18792	NA	SRR1041776	GEO	https://www.ncbi.nlm.nih.gov/geo/query/acc.cgi?acc=SRX386110	https://bgee.org/ftp/bgee_v15_0/download/processed_expr_values/rna_seq/Rattus_norvegicus/Rattus_norvegicus_RNA-Seq_read_counts_TPM_FPKM_SRP029760.tsv.gz	https://trace.ncbi.nlm.nih.gov/Traces/study/?acc=SRX386110
SRP029760	SRX386100	UBERON:0001870	"frontal cortex"	RnorDv:0000017	"11-week-old stage (rat)"	female	"Brown Norway"	UBERON:0001870	"frontal cortex"	UBERON:0018241	"prime adult stage"	female	"Brown Norway"	Illumina HiSeq 2000	polyA	single	NA	1.359255	0.346532	28897182	19910734	101	101	50.34	67.99	3.95	18649	NA	SRR1041766	GEO	https://www.ncbi.nlm.nih.gov/geo/query/acc.cgi?acc=SRX386100	https://bgee.org/ftp/bgee_v15_0/download/processed_expr_values/rna_seq/Rattus_norvegicus/Rattus_norvegicus_RNA-Seq_read_counts_TPM_FPKM_SRP029760.tsv.gz	https://trace.ncbi.nlm.nih.gov/Traces/study/?acc=SRX386100
SRP029760	SRX386101	UBERON:0001870	"frontal cortex"	RnorDv:0000018	"3-month-old stage (rat)"	male	"Brown Norway"	UBERON:0001870	"frontal cortex"	UBERON:0018241	"prime adult stage"	male	"Brown Norway"	Illumina HiSeq 2000	polyA	single	NA	1.290235	0.279948	33437741	24061664	101	101	50.93	69.34	4.25	18952	NA	SRR1041767	GEO	https://www.ncbi.nlm.nih.gov/geo/query/acc.cgi?acc=SRX386101	https://bgee.org/ftp/bgee_v15_0/download/processed_expr_values/rna_seq/Rattus_norvegicus/Rattus_norvegicus_RNA-Seq_read_counts_TPM_FPKM_SRP029760.tsv.gz	https://trace.ncbi.nlm.nih.gov/Traces/study/?acc=SRX386101
SRP029760	SRX386102	UBERON:0002037	"cerebellum"	RnorDv:0000017	"11-week-old stage (rat)"	female	"Brown Norway"	UBERON:0002037	"cerebellum"	UBERON:0018241	"prime adult stage"	female	"Brown Norway"	Illumina HiSeq 2000	polyA	single	NA	1.353599	0.342898	18342078	13318055	101	101	50.77	69.44	3.78	18422	NA	SRR1041768	GEO	https://www.ncbi.nlm.nih.gov/geo/query/acc.cgi?acc=SRX386102	https://bgee.org/ftp/bgee_v15_0/download/processed_expr_values/rna_seq/Rattus_norvegicus/Rattus_norvegicus_RNA-Seq_read_counts_TPM_FPKM_SRP029760.tsv.gz	https://trace.ncbi.nlm.nih.gov/Traces/study/?acc=SRX386102
SRP029760	SRX386103	UBERON:0002037	"cerebellum"	RnorDv:0000018	"3-month-old stage (rat)"	male	"Brown Norway"	UBERON:0002037	"cerebellum"	UBERON:0018241	"prime adult stage"	male	"Brown Norway"	Illumina HiSeq 2000	polyA	single	NA	1.434694	0.488873	24967326	16540027	101	101	47.19	64.57	3.95	18194	NA	SRR1041769	GEO	https://www.ncbi.nlm.nih.gov/geo/query/acc.cgi?acc=SRX386103	https://bgee.org/ftp/bgee_v15_0/download/processed_expr_values/rna_seq/Rattus_norvegicus/Rattus_norvegicus_RNA-Seq_read_counts_TPM_FPKM_SRP029760.tsv.gz	https://trace.ncbi.nlm.nih.gov/Traces/study/?acc=SRX386103
SRP029760	SRX386108	UBERON:0002107	"liver"	RnorDv:0000017	"11-week-old stage (rat)"	female	"Brown Norway"	UBERON:0002107	"liver"	UBERON:0018241	"prime adult stage"	female	"Brown Norway"	Illumina HiSeq 2000	polyA	single	NA	0.552438	0.150759	23597799	19663594	101	101	44.76	61.91	3.47	17007	NA	SRR1041774	GEO	https://www.ncbi.nlm.nih.gov/geo/query/acc.cgi?acc=SRX386108	https://bgee.org/ftp/bgee_v15_0/download/processed_expr_values/rna_seq/Rattus_norvegicus/Rattus_norvegicus_RNA-Seq_read_counts_TPM_FPKM_SRP029760.tsv.gz	https://trace.ncbi.nlm.nih.gov/Traces/study/?acc=SRX386108
SRP029760	SRX386109	UBERON:0002107	"liver"	RnorDv:0000018	"3-month-old stage (rat)"	male	"Brown Norway"	UBERON:0002107	"liver"	UBERON:0018241	"prime adult stage"	male	"Brown Norway"	Illumina HiSeq 2000	polyA	single	NA	0.481678	0.154189	26289552	21609791	101	101	42.38	58.34	3.57	15994	NA	SRR1041775	GEO	https://www.ncbi.nlm.nih.gov/geo/query/acc.cgi?acc=SRX386109	https://bgee.org/ftp/bgee_v15_0/download/processed_expr_values/rna_seq/Rattus_norvegicus/Rattus_norvegicus_RNA-Seq_read_counts_TPM_FPKM_SRP029760.tsv.gz	https://trace.ncbi.nlm.nih.gov/Traces/study/?acc=SRX386109
SRP029760	SRX386106	UBERON:0002113	"kidney"	RnorDv:0000017	"11-week-old stage (rat)"	female	"Brown Norway"	UBERON:0002113	"kidney"	UBERON:0018241	"prime adult stage"	female	"Brown Norway"	Illumina HiSeq 2000	polyA	single	NA	1.165746	0.244099	21810314	16782028	101	101	48.13	65.87	3.66	17767	NA	SRR1041772	GEO	https://www.ncbi.nlm.nih.gov/geo/query/acc.cgi?acc=SRX386106	https://bgee.org/ftp/bgee_v15_0/download/processed_expr_values/rna_seq/Rattus_norvegicus/Rattus_norvegicus_RNA-Seq_read_counts_TPM_FPKM_SRP029760.tsv.gz	https://trace.ncbi.nlm.nih.gov/Traces/study/?acc=SRX386106
SRP029760	SRX386107	UBERON:0002113	"kidney"	RnorDv:0000018	"3-month-old stage (rat)"	male	"Brown Norway"	UBERON:0002113	"kidney"	UBERON:0018241	"prime adult stage"	male	"Brown Norway"	Illumina HiSeq 2000	polyA	single	NA	1.030929	0.168046	36549711	28869497	101	101	49.22	66.93	3.92	18461	NA	SRR1041773	GEO	https://www.ncbi.nlm.nih.gov/geo/query/acc.cgi?acc=SRX386107	https://bgee.org/ftp/bgee_v15_0/download/processed_expr_values/rna_seq/Rattus_norvegicus/Rattus_norvegicus_RNA-Seq_read_counts_TPM_FPKM_SRP029760.tsv.gz	https://trace.ncbi.nlm.nih.gov/Traces/study/?acc=SRX386107
ERP001694	ERX240850	UBERON:0001870	"frontal cortex"	UBERON:0000104	"life cycle"	female	"NA"	UBERON:0001870	"frontal cortex"	UBERON:0000104	"life cycle"	female	"wild-type"	Illumina Genome Analyzer II	polyA	single	NA	1.066291	0.395355	35033876	20838825	83	83	51.73	69.84	4.08	18872	NA	ERR266375	SRA	https://www.ncbi.nlm.nih.gov/sra/ERX240850	https://bgee.org/ftp/bgee_v15_0/download/processed_expr_values/rna_seq/Rattus_norvegicus/Rattus_norvegicus_RNA-Seq_read_counts_TPM_FPKM_ERP001694.tsv.gz	https://trace.ncbi.nlm.nih.gov/Traces/study/?acc=ERX240850
ERP001694	ERX240853	UBERON:0001870	"frontal cortex"	UBERON:0000104	"life cycle"	female	"NA"	UBERON:0001870	"frontal cortex"	UBERON:0000104	"life cycle"	female	"wild-type"	Illumina Genome Analyzer II	polyA	single	NA	0.937831	0.472684	40482360	19154244	83	83	49.77	67.30	4.31	18691	NA	ERR266404	SRA	https://www.ncbi.nlm.nih.gov/sra/ERX240853	https://bgee.org/ftp/bgee_v15_0/download/processed_expr_values/rna_seq/Rattus_norvegicus/Rattus_norvegicus_RNA-Seq_read_counts_TPM_FPKM_ERP001694.tsv.gz	https://trace.ncbi.nlm.nih.gov/Traces/study/?acc=ERX240853
ERP001694	ERX240862	UBERON:0001870	"frontal cortex"	UBERON:0000104	"life cycle"	female	"NA"	UBERON:0001870	"frontal cortex"	UBERON:0000104	"life cycle"	female	"wild-type"	Illumina Genome Analyzer II	polyA	paired	NA	1.037869	0.497316	16714920	11265520	51	51	52.71	67.34	3.78	18986	NA	ERR266354	SRA	https://www.ncbi.nlm.nih.gov/sra/ERX240862	https://bgee.org/ftp/bgee_v15_0/download/processed_expr_values/rna_seq/Rattus_norvegicus/Rattus_norvegicus_RNA-Seq_read_counts_TPM_FPKM_ERP001694.tsv.gz	https://trace.ncbi.nlm.nih.gov/Traces/study/?acc=ERX240862
ERP001694	ERX240884	UBERON:0001870	"frontal cortex"	UBERON:0000104	"life cycle"	female	"NA"	UBERON:0001870	"frontal cortex"	UBERON:0000104	"life cycle"	female	"wild-type"	Illumina Genome Analyzer II	polyA	paired	NA	0.985054	0.382346	20265500	13591169	51	51	52.56	66.73	3.94	19099	NA	ERR266364	SRA	https://www.ncbi.nlm.nih.gov/sra/ERX240884	https://bgee.org/ftp/bgee_v15_0/download/processed_expr_values/rna_seq/Rattus_norvegicus/Rattus_norvegicus_RNA-Seq_read_counts_TPM_FPKM_ERP001694.tsv.gz	https://trace.ncbi.nlm.nih.gov/Traces/study/?acc=ERX240884
ERP001694	ERX240885	UBERON:0001870	"frontal cortex"	UBERON:0000104	"life cycle"	female	"NA"	UBERON:0001870	"frontal cortex"	UBERON:0000104	"life cycle"	female	"wild-type"	Illumina Genome Analyzer II	polyA	paired	NA	1.008391	0.384002	24827497	16355674	51	51	53.75	67.78	3.95	19496	NA	ERR266358	SRA	https://www.ncbi.nlm.nih.gov/sra/ERX240885	https://bgee.org/ftp/bgee_v15_0/download/processed_expr_values/rna_seq/Rattus_norvegicus/Rattus_norvegicus_RNA-Seq_read_counts_TPM_FPKM_ERP001694.tsv.gz	https://trace.ncbi.nlm.nih.gov/Traces/study/?acc=ERX240885
ERP001694	ERX240902	UBERON:0001870	"frontal cortex"	UBERON:0000104	"life cycle"	female	"NA"	UBERON:0001870	"frontal cortex"	UBERON:0000104	"life cycle"	female	"wild-type"	Illumina Genome Analyzer II	polyA	paired	NA	0.985436	0.521913	20094356	13517794	51	51	51.61	66.07	3.48	18937	NA	ERR266385	SRA	https://www.ncbi.nlm.nih.gov/sra/ERX240902	https://bgee.org/ftp/bgee_v15_0/download/processed_expr_values/rna_seq/Rattus_norvegicus/Rattus_norvegicus_RNA-Seq_read_counts_TPM_FPKM_ERP001694.tsv.gz	https://trace.ncbi.nlm.nih.gov/Traces/study/?acc=ERX240902
ERP001694	ERX240859	UBERON:0001870	"frontal cortex"	UBERON:0000104	"life cycle"	male	"NA"	UBERON:0001870	"frontal cortex"	UBERON:0000104	"life cycle"	male	"wild-type"	Illumina Genome Analyzer II	polyA	paired	NA	0.966615	0.445059	22180521	14507515	51	51	52.85	66.92	3.73	19182	NA	ERR266388	SRA	https://www.ncbi.nlm.nih.gov/sra/ERX240859	https://bgee.org/ftp/bgee_v15_0/download/processed_expr_values/rna_seq/Rattus_norvegicus/Rattus_norvegicus_RNA-Seq_read_counts_TPM_FPKM_ERP001694.tsv.gz	https://trace.ncbi.nlm.nih.gov/Traces/study/?acc=ERX240859
ERP001694	ERX240864	UBERON:0001870	"frontal cortex"	UBERON:0000104	"life cycle"	male	"NA"	UBERON:0001870	"frontal cortex"	UBERON:0000104	"life cycle"	male	"wild-type"	Illumina Genome Analyzer II	polyA	paired	NA	0.976377	0.488048	19846075	13932477	51	51	51.93	67.33	4.01	18832	NA	ERR266401	SRA	https://www.ncbi.nlm.nih.gov/sra/ERX240864	https://bgee.org/ftp/bgee_v15_0/download/processed_expr_values/rna_seq/Rattus_norvegicus/Rattus_norvegicus_RNA-Seq_read_counts_TPM_FPKM_ERP001694.tsv.gz	https://trace.ncbi.nlm.nih.gov/Traces/study/?acc=ERX240864
ERP001694	ERX240871	UBERON:0001870	"frontal cortex"	UBERON:0000104	"life cycle"	male	"NA"	UBERON:0001870	"frontal cortex"	UBERON:0000104	"life cycle"	male	"wild-type"	Illumina Genome Analyzer II	polyA	paired	NA	1.016294	0.469411	10970256	7634973	76	76	51.67	67.02	3.56	18329	NA	ERR266389	SRA	https://www.ncbi.nlm.nih.gov/sra/ERX240871	https://bgee.org/ftp/bgee_v15_0/download/processed_expr_values/rna_seq/Rattus_norvegicus/Rattus_norvegicus_RNA-Seq_read_counts_TPM_FPKM_ERP001694.tsv.gz	https://trace.ncbi.nlm.nih.gov/Traces/study/?acc=ERX240871
ERP001694	ERX240872	UBERON:0001870	"frontal cortex"	UBERON:0000104	"life cycle"	male	"NA"	UBERON:0001870	"frontal cortex"	UBERON:0000104	"life cycle"	male	"wild-type"	Illumina Genome Analyzer II	polyA	paired	NA	1.013150	0.481241	22182211	14323849	51	51	53.04	67.04	4.03	19276	NA	ERR266383	SRA	https://www.ncbi.nlm.nih.gov/sra/ERX240872	https://bgee.org/ftp/bgee_v15_0/download/processed_expr_values/rna_seq/Rattus_norvegicus/Rattus_norvegicus_RNA-Seq_read_counts_TPM_FPKM_ERP001694.tsv.gz	https://trace.ncbi.nlm.nih.gov/Traces/study/?acc=ERX240872
ERP001694	ERX240875	UBERON:0001870	"frontal cortex"	UBERON:0000104	"life cycle"	male	"NA"	UBERON:0001870	"frontal cortex"	UBERON:0000104	"life cycle"	male	"wild-type"	Illumina Genome Analyzer II	polyA	paired	NA	1.006343	0.543634	20772278	13329903	51	51	52.17	65.90	3.65	19167	NA	ERR266367	SRA	https://www.ncbi.nlm.nih.gov/sra/ERX240875	https://bgee.org/ftp/bgee_v15_0/download/processed_expr_values/rna_seq/Rattus_norvegicus/Rattus_norvegicus_RNA-Seq_read_counts_TPM_FPKM_ERP001694.tsv.gz	https://trace.ncbi.nlm.nih.gov/Traces/study/?acc=ERX240875
ERP001694	ERX240900	UBERON:0001870	"frontal cortex"	UBERON:0000104	"life cycle"	male	"NA"	UBERON:0001870	"frontal cortex"	UBERON:0000104	"life cycle"	male	"wild-type"	Illumina Genome Analyzer II	polyA	paired	NA	1.006538	0.543563	20958618	13658190	51	51	52.39	66.22	3.39	19199	NA	ERR266365	SRA	https://www.ncbi.nlm.nih.gov/sra/ERX240900	https://bgee.org/ftp/bgee_v15_0/download/processed_expr_values/rna_seq/Rattus_norvegicus/Rattus_norvegicus_RNA-Seq_read_counts_TPM_FPKM_ERP001694.tsv.gz	https://trace.ncbi.nlm.nih.gov/Traces/study/?acc=ERX240900
GSE43013	SRX211665	UBERON:0000082	"adult mammalian kidney"	UBERON:0018241	"prime adult stage"	male	"NA"	UBERON:0000082	"adult mammalian kidney"	UBERON:0018241	"prime adult stage"	male	"wild-type"	Illumina Genome Analyzer IIx	polyA	paired	NA	1.117997	0.173864	15742398	13263554	51	51	51.18	67.64	3.25	17936	NA	SRR636925	GEO	https://www.ncbi.nlm.nih.gov/geo/query/acc.cgi?acc=SRX211665	https://bgee.org/ftp/bgee_v15_0/download/processed_expr_values/rna_seq/Rattus_norvegicus/Rattus_norvegicus_RNA-Seq_read_counts_TPM_FPKM_GSE43013.tsv.gz	https://trace.ncbi.nlm.nih.gov/Traces/study/?acc=SRX211665
GSE43013	SRX211666	UBERON:0000082	"adult mammalian kidney"	UBERON:0018241	"prime adult stage"	male	"NA"	UBERON:0000082	"adult mammalian kidney"	UBERON:0018241	"prime adult stage"	male	"wild-type"	Illumina Genome Analyzer IIx	polyA	paired	NA	1.169826	0.204168	19030539	15781508	51	51	51.83	67.97	3.62	18347	NA	SRR636926	GEO	https://www.ncbi.nlm.nih.gov/geo/query/acc.cgi?acc=SRX211666	https://bgee.org/ftp/bgee_v15_0/download/processed_expr_values/rna_seq/Rattus_norvegicus/Rattus_norvegicus_RNA-Seq_read_counts_TPM_FPKM_GSE43013.tsv.gz	https://trace.ncbi.nlm.nih.gov/Traces/study/?acc=SRX211666
GSE43013	SRX211667	UBERON:0000082	"adult mammalian kidney"	UBERON:0018241	"prime adult stage"	male	"NA"	UBERON:0000082	"adult mammalian kidney"	UBERON:0018241	"prime adult stage"	male	"wild-type"	Illumina Genome Analyzer IIx	polyA	paired	NA	1.120768	0.205832	15437892	12830532	51	51	50.62	66.81	3.20	17879	NA	SRR636927	GEO	https://www.ncbi.nlm.nih.gov/geo/query/acc.cgi?acc=SRX211667	https://bgee.org/ftp/bgee_v15_0/download/processed_expr_values/rna_seq/Rattus_norvegicus/Rattus_norvegicus_RNA-Seq_read_counts_TPM_FPKM_GSE43013.tsv.gz	https://trace.ncbi.nlm.nih.gov/Traces/study/?acc=SRX211667
GSE43013	SRX211710	UBERON:0000955	"brain"	UBERON:0018241	"prime adult stage"	male	"NA"	UBERON:0000955	"brain"	UBERON:0018241	"prime adult stage"	male	"wild-type"	Illumina Genome Analyzer IIx	polyA	paired	NA	1.294604	0.375271	17132240	12818192	51	51	52.95	68.57	3.91	18825	NA	SRR636970	GEO	https://www.ncbi.nlm.nih.gov/geo/query/acc.cgi?acc=SRX211710	https://bgee.org/ftp/bgee_v15_0/download/processed_expr_values/rna_seq/Rattus_norvegicus/Rattus_norvegicus_RNA-Seq_read_counts_TPM_FPKM_GSE43013.tsv.gz	https://trace.ncbi.nlm.nih.gov/Traces/study/?acc=SRX211710
GSE43013	SRX211711	UBERON:0000955	"brain"	UBERON:0018241	"prime adult stage"	male	"NA"	UBERON:0000955	"brain"	UBERON:0018241	"prime adult stage"	male	"wild-type"	Illumina Genome Analyzer IIx	polyA	paired	NA	1.409738	0.645561	12301330	8472937	51	51	51.94	66.90	3.75	18523	NA	SRR636971	GEO	https://www.ncbi.nlm.nih.gov/geo/query/acc.cgi?acc=SRX211711	https://bgee.org/ftp/bgee_v15_0/download/processed_expr_values/rna_seq/Rattus_norvegicus/Rattus_norvegicus_RNA-Seq_read_counts_TPM_FPKM_GSE43013.tsv.gz	https://trace.ncbi.nlm.nih.gov/Traces/study/?acc=SRX211711
GSE43013	SRX211712	UBERON:0000955	"brain"	UBERON:0018241	"prime adult stage"	male	"NA"	UBERON:0000955	"brain"	UBERON:0018241	"prime adult stage"	male	"wild-type"	Illumina Genome Analyzer IIx	polyA	paired	NA	1.388272	0.494056	12885793	9327419	51	51	52.44	67.90	3.68	18620	NA	SRR636972	GEO	https://www.ncbi.nlm.nih.gov/geo/query/acc.cgi?acc=SRX211712	https://bgee.org/ftp/bgee_v15_0/download/processed_expr_values/rna_seq/Rattus_norvegicus/Rattus_norvegicus_RNA-Seq_read_counts_TPM_FPKM_GSE43013.tsv.gz	https://trace.ncbi.nlm.nih.gov/Traces/study/?acc=SRX211712
GSE43013	SRX211615	UBERON:0002107	"liver"	UBERON:0018241	"prime adult stage"	male	"NA"	UBERON:0002107	"liver"	UBERON:0018241	"prime adult stage"	male	"wild-type"	Illumina Genome Analyzer IIx	polyA	paired	NA	0.626162	0.275826	20232193	16545182	51	51	46.23	60.28	3.75	17187	NA	SRR636875	GEO	https://www.ncbi.nlm.nih.gov/geo/query/acc.cgi?acc=SRX211615	https://bgee.org/ftp/bgee_v15_0/download/processed_expr_values/rna_seq/Rattus_norvegicus/Rattus_norvegicus_RNA-Seq_read_counts_TPM_FPKM_GSE43013.tsv.gz	https://trace.ncbi.nlm.nih.gov/Traces/study/?acc=SRX211615
GSE43013	SRX211616	UBERON:0002107	"liver"	UBERON:0018241	"prime adult stage"	male	"NA"	UBERON:0002107	"liver"	UBERON:0018241	"prime adult stage"	male	"wild-type"	Illumina Genome Analyzer IIx	polyA	paired	NA	0.669782	0.301176	18720323	15217774	51	51	46.43	60.67	3.86	17291	NA	SRR636876	GEO	https://www.ncbi.nlm.nih.gov/geo/query/acc.cgi?acc=SRX211616	https://bgee.org/ftp/bgee_v15_0/download/processed_expr_values/rna_seq/Rattus_norvegicus/Rattus_norvegicus_RNA-Seq_read_counts_TPM_FPKM_GSE43013.tsv.gz	https://trace.ncbi.nlm.nih.gov/Traces/study/?acc=SRX211616
GSE43013	SRX211617	UBERON:0002107	"liver"	UBERON:0018241	"prime adult stage"	male	"NA"	UBERON:0002107	"liver"	UBERON:0018241	"prime adult stage"	male	"wild-type"	Illumina Genome Analyzer IIx	polyA	paired	NA	0.642026	0.317190	15322801	12495697	51	51	45.59	59.73	3.73	16947	NA	SRR636877	GEO	https://www.ncbi.nlm.nih.gov/geo/query/acc.cgi?acc=SRX211617	https://bgee.org/ftp/bgee_v15_0/download/processed_expr_values/rna_seq/Rattus_norvegicus/Rattus_norvegicus_RNA-Seq_read_counts_TPM_FPKM_GSE43013.tsv.gz	https://trace.ncbi.nlm.nih.gov/Traces/study/?acc=SRX211617
SRP106852	SRX2793930	UBERON:0002107	"liver"	RnorDv:0000022	"6-month-old stage (rat)"	male	"Wistar"	UBERON:0002107	"liver"	RnorDv:0000019	"4-6-month-old stage (rat)"	male	"Wistar"	Illumina HiSeq 2500	polyA	single	NA	1.055006	0.168595	34752342	27992145	51	51	43.38	59.91	3.84	16326	NA	SRR5520660	SRA	https://www.ncbi.nlm.nih.gov/sra/SRX2793930	https://bgee.org/ftp/bgee_v15_0/download/processed_expr_values/rna_seq/Rattus_norvegicus/Rattus_norvegicus_RNA-Seq_read_counts_TPM_FPKM_SRP106852.tsv.gz	https://trace.ncbi.nlm.nih.gov/Traces/study/?acc=SRX2793930
SRP106852	SRX2793931	UBERON:0002107	"liver"	RnorDv:0000022	"6-month-old stage (rat)"	male	"Wistar"	UBERON:0002107	"liver"	RnorDv:0000019	"4-6-month-old stage (rat)"	male	"Wistar"	Illumina HiSeq 2500	polyA	single	NA	1.063791	0.138311	34511706	28415521	51	51	44.04	60.76	3.49	16371	NA	SRR5520661	SRA	https://www.ncbi.nlm.nih.gov/sra/SRX2793931	https://bgee.org/ftp/bgee_v15_0/download/processed_expr_values/rna_seq/Rattus_norvegicus/Rattus_norvegicus_RNA-Seq_read_counts_TPM_FPKM_SRP106852.tsv.gz	https://trace.ncbi.nlm.nih.gov/Traces/study/?acc=SRX2793931
SRP106852	SRX2793932	UBERON:0002107	"liver"	RnorDv:0000022	"6-month-old stage (rat)"	male	"Wistar"	UBERON:0002107	"liver"	RnorDv:0000019	"4-6-month-old stage (rat)"	male	"Wistar"	Illumina HiSeq 2500	polyA	single	NA	1.067755	0.135472	27155713	22430959	51	51	44.71	61.73	3.14	16286	NA	SRR5520662	SRA	https://www.ncbi.nlm.nih.gov/sra/SRX2793932	https://bgee.org/ftp/bgee_v15_0/download/processed_expr_values/rna_seq/Rattus_norvegicus/Rattus_norvegicus_RNA-Seq_read_counts_TPM_FPKM_SRP106852.tsv.gz	https://trace.ncbi.nlm.nih.gov/Traces/study/?acc=SRX2793932
SRP106852	SRX2793933	UBERON:0002107	"liver"	RnorDv:0000022	"6-month-old stage (rat)"	male	"Wistar"	UBERON:0002107	"liver"	RnorDv:0000019	"4-6-month-old stage (rat)"	male	"Wistar"	Illumina HiSeq 2500	polyA	single	NA	1.046622	0.131016	26571133	22004709	51	51	43.54	60.49	2.96	15998	NA	SRR5520663	SRA	https://www.ncbi.nlm.nih.gov/sra/SRX2793933	https://bgee.org/ftp/bgee_v15_0/download/processed_expr_values/rna_seq/Rattus_norvegicus/Rattus_norvegicus_RNA-Seq_read_counts_TPM_FPKM_SRP106852.tsv.gz	https://trace.ncbi.nlm.nih.gov/Traces/study/?acc=SRX2793933
SRP106852	SRX2793934	UBERON:0002107	"liver"	RnorDv:0000022	"6-month-old stage (rat)"	male	"Wistar"	UBERON:0002107	"liver"	RnorDv:0000019	"4-6-month-old stage (rat)"	male	"Wistar"	Illumina HiSeq 2500	polyA	single	NA	1.015289	0.179553	26765088	21602190	51	51	42.34	58.76	3.60	15908	NA	SRR5520664	SRA	https://www.ncbi.nlm.nih.gov/sra/SRX2793934	https://bgee.org/ftp/bgee_v15_0/download/processed_expr_values/rna_seq/Rattus_norvegicus/Rattus_norvegicus_RNA-Seq_read_counts_TPM_FPKM_SRP106852.tsv.gz	https://trace.ncbi.nlm.nih.gov/Traces/study/?acc=SRX2793934
SRP106852	SRX2793935	UBERON:0002107	"liver"	RnorDv:0000041	"24-month-old stage (rat)"	male	"Wistar"	UBERON:0002107	"liver"	UBERON:0007222	"late adult stage"	male	"Wistar"	Illumina HiSeq 2500	polyA	single	NA	0.847277	0.134395	31247891	25182846	51	51	42.61	59.19	3.33	16047	NA	SRR5520665|SRR5520666	SRA	https://www.ncbi.nlm.nih.gov/sra/SRX2793935	https://bgee.org/ftp/bgee_v15_0/download/processed_expr_values/rna_seq/Rattus_norvegicus/Rattus_norvegicus_RNA-Seq_read_counts_TPM_FPKM_SRP106852.tsv.gz	https://trace.ncbi.nlm.nih.gov/Traces/study/?acc=SRX2793935
SRP106852	SRX2793936	UBERON:0002107	"liver"	RnorDv:0000041	"24-month-old stage (rat)"	male	"Wistar"	UBERON:0002107	"liver"	UBERON:0007222	"late adult stage"	male	"Wistar"	Illumina HiSeq 2500	polyA	single	NA	0.935499	0.156533	25282911	20956444	51	51	43.62	60.34	3.42	16104	NA	SRR5520667	SRA	https://www.ncbi.nlm.nih.gov/sra/SRX2793936	https://bgee.org/ftp/bgee_v15_0/download/processed_expr_values/rna_seq/Rattus_norvegicus/Rattus_norvegicus_RNA-Seq_read_counts_TPM_FPKM_SRP106852.tsv.gz	https://trace.ncbi.nlm.nih.gov/Traces/study/?acc=SRX2793936
SRP106852	SRX2793937	UBERON:0002107	"liver"	RnorDv:0000041	"24-month-old stage (rat)"	male	"Wistar"	UBERON:0002107	"liver"	UBERON:0007222	"late adult stage"	male	"Wistar"	Illumina HiSeq 2500	polyA	single	NA	0.957841	0.150206	30513469	25584844	51	51	44.95	62.17	3.52	16518	NA	SRR5520668	SRA	https://www.ncbi.nlm.nih.gov/sra/SRX2793937	https://bgee.org/ftp/bgee_v15_0/download/processed_expr_values/rna_seq/Rattus_norvegicus/Rattus_norvegicus_RNA-Seq_read_counts_TPM_FPKM_SRP106852.tsv.gz	https://trace.ncbi.nlm.nih.gov/Traces/study/?acc=SRX2793937
SRP106852	SRX2793938	UBERON:0002107	"liver"	RnorDv:0000041	"24-month-old stage (rat)"	male	"Wistar"	UBERON:0002107	"liver"	UBERON:0007222	"late adult stage"	male	"Wistar"	Illumina HiSeq 2500	polyA	single	NA	1.034369	0.156304	32716653	27087243	51	51	43.88	60.56	3.56	16363	NA	SRR5520669	SRA	https://www.ncbi.nlm.nih.gov/sra/SRX2793938	https://bgee.org/ftp/bgee_v15_0/download/processed_expr_values/rna_seq/Rattus_norvegicus/Rattus_norvegicus_RNA-Seq_read_counts_TPM_FPKM_SRP106852.tsv.gz	https://trace.ncbi.nlm.nih.gov/Traces/study/?acc=SRX2793938
ERP014610	ERX1403304	UBERON:0002107	"liver"	UBERON:0000113	"post-juvenile"	male	"NA"	UBERON:0002107	"liver"	UBERON:0000113	"post-juvenile"	male	"wild-type"	Illumina HiSeq 2000	polyA	paired	NA	0.804375	0.040325	24265743	17895105	100	100	45.90	59.64	3.51	16352	NA	ERR1331684	SRA	https://www.ncbi.nlm.nih.gov/sra/ERX1403304	https://bgee.org/ftp/bgee_v15_0/download/processed_expr_values/rna_seq/Rattus_norvegicus/Rattus_norvegicus_RNA-Seq_read_counts_TPM_FPKM_ERP014610.tsv.gz	https://trace.ncbi.nlm.nih.gov/Traces/study/?acc=ERX1403304
ERP014610	ERX1403323	UBERON:0002107	"liver"	UBERON:0000113	"post-juvenile"	male	"NA"	UBERON:0002107	"liver"	UBERON:0000113	"post-juvenile"	male	"wild-type"	Illumina HiSeq 2000	polyA	paired	NA	1.144640	0.165195	53118271	37695145	100	100	47.09	57.98	4.21	18529	NA	ERR1331703	SRA	https://www.ncbi.nlm.nih.gov/sra/ERX1403323	https://bgee.org/ftp/bgee_v15_0/download/processed_expr_values/rna_seq/Rattus_norvegicus/Rattus_norvegicus_RNA-Seq_read_counts_TPM_FPKM_ERP014610.tsv.gz	https://trace.ncbi.nlm.nih.gov/Traces/study/?acc=ERX1403323
ERP014610	ERX1403337	UBERON:0002107	"liver"	UBERON:0000113	"post-juvenile"	male	"NA"	UBERON:0002107	"liver"	UBERON:0000113	"post-juvenile"	male	"wild-type"	Illumina HiSeq 2000	polyA	paired	NA	1.086107	0.182816	73653156	55091856	125	125	47.37	58.75	4.34	18556	NA	ERR1331717	SRA	https://www.ncbi.nlm.nih.gov/sra/ERX1403337	https://bgee.org/ftp/bgee_v15_0/download/processed_expr_values/rna_seq/Rattus_norvegicus/Rattus_norvegicus_RNA-Seq_read_counts_TPM_FPKM_ERP014610.tsv.gz	https://trace.ncbi.nlm.nih.gov/Traces/study/?acc=ERX1403337
SRP007359	SRX080236	UBERON:0000473	"testis"	UBERON:0000104	"life cycle"	male	"NA"	UBERON:0000473	"testis"	UBERON:0000104	"life cycle"	male	"wild-type"	Illumina Genome Analyzer IIx	polyA	single	NA	0.829017	0.515190	17334081	10788720	76	76	31.17	41.68	3.85	15003	NA	SRR299123	SRA	https://www.ncbi.nlm.nih.gov/sra/SRX080236	https://bgee.org/ftp/bgee_v15_0/download/processed_expr_values/rna_seq/Rattus_norvegicus/Rattus_norvegicus_RNA-Seq_read_counts_TPM_FPKM_SRP007359.tsv.gz	https://trace.ncbi.nlm.nih.gov/Traces/study/?acc=SRX080236
SRP007359	SRX080235	UBERON:0000955	"brain"	UBERON:0000104	"life cycle"	NA	"NA"	UBERON:0000955	"brain"	UBERON:0000104	"life cycle"	not annotated	"wild-type"	Illumina Genome Analyzer IIx	polyA	single	NA	1.206248	0.872860	20013249	10200167	76	76	29.63	42.14	4.63	14068	NA	SRR299122	SRA	https://www.ncbi.nlm.nih.gov/sra/SRX080235	https://bgee.org/ftp/bgee_v15_0/download/processed_expr_values/rna_seq/Rattus_norvegicus/Rattus_norvegicus_RNA-Seq_read_counts_TPM_FPKM_SRP007359.tsv.gz	https://trace.ncbi.nlm.nih.gov/Traces/study/?acc=SRX080235
ERP000787	ERX016341	UBERON:0002107	"liver"	UBERON:0034919	"juvenile stage"	male	"NA"	UBERON:0002107	"liver"	UBERON:0034919	"juvenile stage"	male	"wild-type"	Illumina Genome Analyzer II	polyA	single	NA	0.990406	1.109680	20847632	6853711	42	42	38.18	52.94	2.86	17884	NA	ERR039140	SRA	https://www.ncbi.nlm.nih.gov/sra/ERX016341	https://bgee.org/ftp/bgee_v15_0/download/processed_expr_values/rna_seq/Rattus_norvegicus/Rattus_norvegicus_RNA-Seq_read_counts_TPM_FPKM_ERP000787.tsv.gz	https://trace.ncbi.nlm.nih.gov/Traces/study/?acc=ERX016341
ERP000787	ERX016348	UBERON:0002107	"liver"	UBERON:0034919	"juvenile stage"	male	"NA"	UBERON:0002107	"liver"	UBERON:0034919	"juvenile stage"	male	"wild-type"	Illumina Genome Analyzer II	polyA	single	NA	1.009687	0.957836	23828010	9963535	36	36	42.08	58.03	2.70	18838	NA	ERR039160	SRA	https://www.ncbi.nlm.nih.gov/sra/ERX016348	https://bgee.org/ftp/bgee_v15_0/download/processed_expr_values/rna_seq/Rattus_norvegicus/Rattus_norvegicus_RNA-Seq_read_counts_TPM_FPKM_ERP000787.tsv.gz	https://trace.ncbi.nlm.nih.gov/Traces/study/?acc=ERX016348
SRP030211	SRX359414	UBERON:0000473	"testis"	UBERON:0000113	"post-juvenile"	male	"NA"	UBERON:0000473	"testis"	UBERON:0000113	"post-juvenile"	male	"wild-type"	Illumina HiSeq 2000	polyA	paired	NA	1.000000	0.272213	106714302	84258528	100	100	58.45	69.01	5.41	22580	NA	SRR1001913	SRA	https://www.ncbi.nlm.nih.gov/sra/SRX359414	https://bgee.org/ftp/bgee_v15_0/download/processed_expr_values/rna_seq/Rattus_norvegicus/Rattus_norvegicus_RNA-Seq_read_counts_TPM_FPKM_SRP030211.tsv.gz	https://trace.ncbi.nlm.nih.gov/Traces/study/?acc=SRX359414
